id,title,genres,averageRating,numVotes,releaseYear
tt5988370,Reis,"Biography, Drama",1,74166,2017
tt7221896,"Cumali Ceber: Allah Seni Alsin",Comedy,1,39466,2017
tt13423846,"321 Action",Drama,1,10215,2020
tt20255706,"The Pogmentary","Biography, Documentary, Sport",1.1,13805,2022
tt21403988,"The Last Pharaoh","Documentary, Drama, History",1.1,12019,2023
tt21194980,"Golden Bull","Action, Documentary, Drama",1.1,11177,2022
tt7886848,"Sadak 2","Action, Drama",1.2,96852,2020
tt27528139,"Queen Cleopatra","Documentary, Drama, History",1.2,86316,2023
tt6038600,Smolensk,"Drama, Thriller",1.2,40233,2016
tt14878948,"15/07: Break of Dawn","Action, Drama, War",1.2,20687,2021
tt0421051,"Daniel the Wizard","Comedy, Crime, Fantasy",1.2,14938,2004
tt27530764,Rivals,"Documentary, Drama, History",1.2,10674,2023
tt8402090,"Cumali Ceber 2",Comedy,1.2,10378,2018
tt4009460,"Kirk Cameron's Saving Christmas","Comedy, Family",1.3,16868,2014
tt0249516,Foodfight!,"Action, Adventure, Animation",1.3,12127,2012
tt1309000,Dream.net,"Comedy, Romance, Sport",1.3,10020,2009
tt4884540,"Angels Apocalypse","Action, Fantasy, Sci-Fi",1.4,42954,2015
tt14723224,"The Cost of Deception","Action, Crime, Drama",1.5,40625,2021
tt0270846,"Superbabies: Baby Geniuses 2","Comedy, Family, Sci-Fi",1.5,31806,2004
tt0808240,"Turks in Space","Action, Comedy, Sci-Fi",1.5,16829,2006
tt14153790,Velma,"Adventure, Animation, Comedy",1.6,79537,2023
tt3165608,"Justin Bieber's Believe","Documentary, Music",1.6,17936,2013
tt1229827,"Jonas Brothers: The 3D Concert Experience","Biography, Documentary, Music",1.6,17559,2009
tt1702443,"Justin Bieber: Never Say Never","Documentary, Music",1.7,76479,2011
tt0060666,"Manos: The Hands of Fate",Horror,1.7,37829,1966
tt4458206,"Code Name: K.O.Z.","Crime, Mystery",1.7,27591,2015
tt1316037,"Birdemic: Shock and Terror","Horror, Thriller",1.7,25843,2010
tt0417056,"Pledge This!",Comedy,1.7,18975,2006
tt12286260,"Santa Inc.","Animation, Comedy, Fantasy",1.7,15623,2021
tt1520498,"The Oogieloves in the Big Balloon Adventure","Adventure, Family, Fantasy",1.7,15513,2012
tt1640571,"Titanic II","Action, Adventure, Drama",1.7,13140,2010
tt0096870,"Going Overboard",Comedy,1.8,14726,1989
tt0059464,"Monster a Go-Go","Horror, Sci-Fi",1.8,10107,1965
tt10888594,Radhe,"Action, Crime, Thriller",1.9,180273,2021
tt1213644,"Disaster Movie","Comedy, Sci-Fi",1.9,95366,2008
tt7431594,"Race 3","Action, Crime, Thriller",1.9,48996,2018
tt0339034,"From Justin to Kelly","Comedy, Music, Musical",1.9,27122,2003
tt0054673,"The Beast of Yucca Flats","Horror, Sci-Fi",1.9,10499,1961
tt7668842,"Enes Batur: Imagination or Reality?",Comedy,2,56196,2018
tt0804492,"The Hottie & the Nottie","Comedy, Romance",2,39297,2008
tt19857862,"Now or Never!","Adventure, Biography, Drama",2,16400,2024
tt0317676,"House of the Dead","Action, Adventure, Horror",2.1,38960,2003
tt7255568,"Student of the Year 2","Action, Comedy, Drama",2.2,22952,2019
tt17444636,"Final Draft","Comedy, Drama, Romance",2.2,18999,2022
tt0193524,"The Star Wars Holiday Special","Adventure, Family, Musical",2.2,17274,1978
tt8366590,"Baaghi 3","Action, Adventure, Thriller",2.2,14175,2020
tt0089280,Hobgoblins,"Comedy, Horror, Sci-Fi",2.2,12606,1988
tt0362165,"Son of the Mask","Comedy, Family, Fantasy",2.3,60117,2005
tt1754700,"The Prototype","Action, Sci-Fi, Thriller",2.3,43439,2022
tt11873440,"Heropanti 2","Action, Comedy, Crime",2.3,27732,2022
tt0785077,"Who's Your Caddy?","Comedy, Sport",2.3,15639,2007
tt0799949,"Epic Movie","Adventure, Comedy, Fantasy",2.4,110381,2007
tt0369226,"Alone in the Dark","Action, Horror, Sci-Fi",2.4,47416,2005
tt0118589,Glitter,"Drama, Music, Romance",2.4,24197,2001
tt6910020,"Nothing to Lose","Biography, Drama",2.4,23140,2018
tt0185183,"Battlefield Earth","Action, Adventure, Sci-Fi",2.5,83920,2000
tt1098327,"Dragonball Evolution","Action, Adventure, Fantasy",2.5,80317,2009
tt10350922,Laxmii,"Action, Comedy, Horror",2.5,59053,2020
tt11762434,"Cosmic Sin","Action, Sci-Fi",2.5,15382,2021
tt14121726,"Jeepers Creepers: Reborn","Horror, Mystery, Thriller",2.5,15333,2022
tt1350498,"Mega Shark vs. Giant Octopus","Action, Adventure, Comedy",2.5,11370,2009
tt10885444,"Khaali Peeli","Action, Comedy, Romance",2.5,10132,2020
tt0123366,"The View",Talk-Show,2.5,10097,1997
tt0299930,Gigli,"Comedy, Crime, Romance",2.6,51190,2003
tt4435072,Liger,"Action, Drama, Romance",2.6,47931,2022
tt0329200,"Home Alone 4: Taking Back the House","Comedy, Crime, Family",2.6,40094,2002
tt0118665,"Baby Geniuses","Comedy, Crime, Family",2.6,27848,1999
tt5013984,Gully,"Crime, Drama",2.6,23076,2019
tt0116839,"Lawnmower Man 2: Beyond Cyberspace","Action, Sci-Fi, Thriller",2.6,10440,1995
tt12915716,Adipurush,"Action, Adventure, Drama",2.7,134518,2023
tt2574698,Gunday,"Action, Drama, Musical",2.7,60521,2014
tt12996154,"365 Days: This Day","Drama, Romance",2.7,25297,2022
tt1883367,"The Human Centipede III (Final Sequence)","Comedy, Horror",2.7,20541,2015
tt1572311,"Tees Maar Khan","Comedy, Crime",2.7,14686,2010
tt0058548,"Santa Claus Conquers the Martians","Adventure, Comedy, Family",2.7,12767,1964
tt1127884,"Hannah Montana and Miley Cyrus: Best of Both Worlds Concert","Documentary, Music",2.7,12207,2008
tt0896036,"BloodRayne: Deliverance","Action, Fantasy, Western",2.7,11688,2007
tt1716747,"Hellraiser: Revelations",Horror,2.7,10209,2011
tt1073498,"Meet the Spartans","Comedy, Fantasy",2.8,112407,2008
tt0466342,"Date Movie","Comedy, Romance",2.8,62673,2006
tt5697572,Cats,"Comedy, Drama, Family",2.8,56731,2019
tt9096108,Rasbhari,"Drama, Romance",2.8,15791,2019
tt4867110,Swiped,"Comedy, Romance",2.8,12869,2018
tt21106646,"The Next 365 Days","Drama, Romance",2.8,10725,2022
tt0110169,"It's Pat: The Movie",Comedy,2.8,10574,1994
tt13334578,Ganapath,"Action, Drama, Sci-Fi",2.8,10386,2023
tt1725047,"My Little Princess","Drama, Family, Romance",2.9,43597,2010
tt1788979,"67th Street, New York, NY","Crime, Thriller",2.9,34925,2011
tt19623240,"Winnie-the-Pooh: Blood and Honey",Horror,2.9,31756,2023
tt1086761,"Keeping Up with the Kardashians","Family, Reality-TV",2.9,31724,2007
tt9820556,Breach,"Action, Horror, Sci-Fi",2.9,20234,2020
tt9624766,"Jiu Jitsu","Action, Sci-Fi, Thriller",2.9,10683,2020
tt0101615,"Cool as Ice","Comedy, Drama, Music",2.9,10570,1991
tt0093300,"Jaws: The Revenge","Adventure, Horror, Thriller",3,50694,1987
tt0383222,BloodRayne,"Action, Fantasy, Horror",3,37557,2005
tt0105643,"Troll 2","Comedy, Fantasy, Horror",3,35334,1990
tt7059844,"Dabangg 3","Action, Comedy, Crime",3,20576,2019
tt0120207,Steel,"Action, Adventure, Crime",3,15291,1997
tt0118539,"3 Ninjas: High Noon at Mega Mountain","Action, Adventure, Comedy",3,12537,1998
tt0353324,"The Crow: Wicked Prayer","Action, Adventure, Comedy",3,10062,2005
tt0299981,"Highlander: The Source","Action, Adventure, Drama",3,10030,2007
tt2467046,"Left Behind","Action, Fantasy, Sci-Fi",3.1,43117,2014
tt0246894,Rollerball,"Action, Sci-Fi, Sport",3.1,30005,2002
tt0116756,Kazaam,"Comedy, Family, Fantasy",3.1,25970,1996
tt0804452,Bratz,"Comedy, Family, Music",3.1,25104,2007
tt11656172,"Hard Kill","Action, Thriller",3.1,19615,2020
tt2610768,"Celal and Ceren","Comedy, Romance",3.2,44002,2013
tt2403029,"The Starving Games","Adventure, Comedy, Sci-Fi",3.2,22906,2013
tt0462244,"Daddy Day Camp","Comedy, Family",3.2,18148,2007
tt0103923,"Captain America","Action, Adventure, Sci-Fi",3.2,15387,1990
tt0400426,"Far Cry","Action, Adventure, Sci-Fi",3.2,15151,2008
tt0499487,"Goal! III","Drama, Romance, Sport",3.2,13220,2009
tt0110647,"The NeverEnding Story III","Adventure, Comedy, Family",3.2,12633,1994
tt15281656,"The Holy Trinity",Horror,3.2,12288,2023
tt1619880,Sharktopus,"Action, Adventure, Comedy",3.2,12065,2010
tt6616074,"Amy Schumer: The Leather Special",Comedy,3.2,10678,2017
tt10886166,"365 Days","Drama, Romance",3.3,101116,2020
tt0810913,"Jack and Jill",Comedy,3.3,91765,2011
tt2724064,Sharknado,"Action, Adventure, Comedy",3.3,53816,2013
tt5690360,"Slender Man","Horror, Mystery, Thriller",3.3,39624,2018
tt7608028,"The Open House","Horror, Thriller",3.3,37712,2018
tt0065832,"Hercules in New York","Adventure, Comedy, Fantasy",3.3,19891,1970
tt5842616,"Veere Di Wedding",Comedy,3.3,13339,2018
tt1411664,"Bucky Larson: Born to Be a Star",Comedy,3.3,13022,2011
tt7851428,"First Signal","Drama, Sci-Fi",3.3,12139,2021
tt0327554,Catwoman,"Action, Crime, Fantasy",3.4,127561,2004
tt4877122,"The Emoji Movie","Adventure, Animation, Comedy",3.4,73526,2017
tt1666186,"Vampires Suck","Comedy, Horror",3.4,52389,2010
tt0329028,"Dumb and Dumberer: When Harry Met Lloyd",Comedy,3.4,42994,2003
tt0295427,"The Master of Disguise","Adventure, Comedy, Family",3.4,27728,2002
tt0110978,"Texas Chainsaw Massacre: The Next Generation","Comedy, Horror, Thriller",3.4,26801,1994
tt0295254,Feardotcom,"Crime, Horror, Thriller",3.4,23040,2002
tt6439558,"Recep Ivedik 5",Comedy,3.4,18366,2017
tt10739666,"Satyameva Jayate 2","Action, Crime, Drama",3.4,16209,2021
tt10930586,Shikara,"Drama, History, Romance",3.4,15510,2020
tt0095560,"Mac and Me","Adventure, Comedy, Family",3.4,14835,1988
tt0469111,"I'll Always Know What You Did Last Summer","Horror, Mystery, Thriller",3.4,13826,2006
tt1594972,"Norm of the North","Adventure, Animation, Comedy",3.4,10287,2016
tt0795461,"Scary Movie V","Comedy, Horror",3.5,78672,2013
tt0110857,"Police Academy: Mission to Moscow","Comedy, Crime",3.5,36712,1994
tt6990206,Crimea,"Action, Drama",3.5,33639,2017
tt0115624,"Barb Wire","Action, Sci-Fi",3.5,31722,1996
tt0372873,"Dragon Wars: D-War","Action, Drama, Fantasy",3.5,25538,2007
tt4667094,"Fifty Shades of Black",Comedy,3.5,23614,2016
tt10481868,"Black Christmas","Horror, Mystery, Thriller",3.5,19515,2019
tt3138104,"The Hungover Games","Adventure, Comedy, Fantasy",3.5,17239,2014
tt12335692,"Last Man Down","Action, Sci-Fi",3.5,14142,2021
tt0157262,"2001: A Space Travesty","Comedy, Sci-Fi",3.5,13085,2000
tt2308733,"Home Alone: The Holiday Heist","Comedy, Crime, Family",3.5,12944,2012
tt0094118,"Teen Wolf Too","Comedy, Fantasy",3.5,12687,1987
tt3053228,"Day of the Dead: Bloodline","Action, Drama, Horror",3.5,12615,2017
tt0462395,"Larry the Cable Guy: Health Inspector","Comedy, Romance",3.5,12560,2006
tt8923396,Jinn,"Drama, Fantasy, Horror",3.5,10589,2019
tt0368226,"The Room",Drama,3.6,96414,2003
tt0119707,"Mortal Kombat: Annihilation","Action, Adventure, Fantasy",3.6,58941,1997
tt8712204,Batwoman,"Action, Adventure, Crime",3.6,46872,2019
tt9196192,Cuties,Drama,3.6,32875,2020
tt0897361,"I Know Who Killed Me","Horror, Mystery, Thriller",3.6,31255,2007
tt1517489,"The Survival of Humanity","Action, Adventure, Comedy",3.6,29004,2011
tt0367093,"Starship Troopers 2: Hero of the Federation","Action, Adventure, Horror",3.6,24800,2004
tt11012066,"Home Sweet Home Alone","Comedy, Crime, Family",3.6,20760,2021
tt13439476,Kaamraj,Drama,3.6,19147,2020
tt0291502,"Swept Away","Comedy, Romance",3.6,18141,2002
tt6988116,Kalank,"Drama, Romance",3.6,17296,2019
tt1185266,"Stan Helsing","Comedy, Fantasy, Horror",3.6,15153,2009
tt1231277,"S. Darko","Drama, Mystery, Sci-Fi",3.6,14618,2009
tt7721946,"Housefull 4","Action, Comedy, Drama",3.6,14586,2019
tt27785645,"Episode #1.7","Comedy, Drama, Romance",3.6,14463,2023
tt1153706,"Dance Flick","Action, Comedy, Music",3.6,12870,2009
tt5456546,"Judwaa 2","Action, Comedy, Romance",3.6,11927,2017
tt7312940,Singularity,"Action, Adventure, Drama",3.6,11755,2017
tt30007864,"The American Society of Magical Negroes","Comedy, Fantasy",3.6,10930,2024
tt9592496,Pogaru,Action,3.6,10390,2021
tt0094074,"Superman IV: The Quest for Peace","Action, Adventure, Sci-Fi",3.7,53833,1987
tt0085750,"Jaws 3-D","Adventure, Horror, Thriller",3.7,49516,1983
tt0432291,"The Fog","Horror, Mystery",3.7,39836,2005
tt0120185,"Spice World","Comedy, Family, Music",3.7,38234,1997
tt0190374,"Dungeons & Dragons","Action, Adventure, Fantasy",3.7,36688,2000
tt0158622,"The Flintstones in Viva Rock Vegas","Comedy, Family, Romance",3.7,25924,2000
tt15387026,Destiny,"Action, Adventure, Drama",3.7,25918,2024
tt0891592,"Street Fighter: The Legend of Chun-Li","Action, Crime, Fantasy",3.7,25593,2009
tt0308208,"Ballistic: Ecks vs. Sever","Action, Crime, Mystery",3.7,21267,2002
tt0283877,"American Psycho II: All American Girl","Horror, Thriller",3.7,18406,2002
tt1091617,"Expelled: No Intelligence Allowed",Documentary,3.7,12218,2008
tt0806147,"Extreme Movie",Comedy,3.7,11669,2008
tt0800003,"Delta Farce","Action, Adventure, Comedy",3.7,11575,2007
tt3832096,"Cabin Fever","Horror, Sci-Fi, Thriller",3.7,11412,2016
tt0120389,"Turbo: A Power Rangers Movie","Action, Adventure, Family",3.7,10062,1997
tt0118688,"Batman & Robin","Action, Sci-Fi",3.8,272048,1997
tt0450345,"The Wicker Man","Horror, Mystery, Thriller",3.8,72523,2006
tt0811138,"The Love Guru","Comedy, Romance, Sport",3.8,55504,2008
tt0460780,"In the Name of the King: A Dungeon Siege Tale","Action, Adventure, Fantasy",3.8,51639,2007
tt1714203,"Piranha 3DD","Comedy, Horror, Sci-Fi",3.8,46160,2012
tt0118661,"The Avengers","Action, Adventure, Sci-Fi",3.8,45899,1998
tt0275022,Crossroads,"Comedy, Drama, Romance",3.8,45104,2002
tt1530509,"The Human Centipede 2 (Full Sequence)",Horror,3.8,44259,2011
tt0424774,"The Adventures of Sharkboy and Lavagirl 3-D","Action, Adventure, Comedy",3.8,43452,2005
tt0076009,"Exorcist II: The Heretic",Horror,3.8,29122,1977
tt3477064,"Recep Ivedik 4",Comedy,3.8,18871,2014
tt0094824,"Caddyshack II","Comedy, Sport",3.8,16698,1988
tt21279138,"Maid in Malaca√±ang","Biography, Drama",3.8,15745,2022
tt1104123,"The Scorpion King 2: Rise of a Warrior","Action, Adventure, Fantasy",3.8,14875,2008
tt7897330,"Deadly Illusions","Crime, Drama, Mystery",3.8,13927,2021
tt4059702,AmeriGeddon,"Action, Adventure, Drama",3.8,13396,2016
tt1552211,"The Last Days of American Crime","Action, Crime, Drama",3.8,12566,2020
tt10598156,Dhaakad,"Action, Thriller",3.8,12158,2022
tt2292959,"The Canyons","Drama, Thriller",3.8,12090,2013
tt0489598,"The Hills",Reality-TV,3.8,11616,2006
tt8328716,"Doom: Annihilation","Action, Adventure, Horror",3.8,10643,2019
tt0107612,"Mr. Nanny","Action, Comedy, Family",3.8,10355,1993
tt0082910,"Piranha II: The Spawning","Horror, Sci-Fi, Thriller",3.8,10163,1982
tt0120179,"Speed 2: Cruise Control","Action, Adventure, Crime",3.9,87197,1997
tt0220506,"Halloween: Resurrection","Horror, Thriller",3.9,50711,2002
tt0052077,"Plan 9 from Outer Space","Horror, Sci-Fi",3.9,41101,1957
tt1255919,"Holmes & Watson","Comedy, Crime, Mystery",3.9,40058,2018
tt0926129,"Prom Night",Horror,3.9,38617,2008
tt18072316,"Bade Miyan Chote Miyan","Action, Adventure, Sci-Fi",3.9,38445,2024
tt6513656,"Escape Plan 2: Hades","Action, Crime, Mystery",3.9,36053,2018
tt0365957,"You Got Served","Drama, Music",3.9,28829,2004
tt0180052,"The Adventures of Pluto Nash","Action, Comedy, Sci-Fi",3.9,27333,2002
tt1014775,"Beverly Hills Chihuahua","Adventure, Comedy, Drama",3.9,26295,2008
tt1139592,"Jeepers Creepers III",Horror,3.9,25076,2017
tt1563069,"Jersey Shore","Comedy, Reality-TV, Romance",3.9,24717,2009
tt5882970,Tubelight,"Drama, War",3.9,22053,2017
tt1656171,Dam999,"Adventure, Drama, Sci-Fi",3.9,20749,2011
tt0492389,"Furry Vengeance","Comedy, Family",3.9,18516,2010
tt7510346,"The Turning","Drama, Horror, Mystery",3.9,16561,2020
tt8066940,"Indian 2","Action, Drama, Thriller",3.9,15659,2024
tt14865406,"Deep Fear","Action, Horror, Thriller",3.9,15551,2023
tt0106761,"Double Dragon","Action, Adventure, Comedy",3.9,14096,1994
tt1712159,11-11-11,"Horror, Mystery, Thriller",3.9,12653,2011
tt1273221,"London Fields","Crime, Mystery, Thriller",3.9,12498,2018
tt0160236,"Dudley Do-Right","Comedy, Family, Romance",3.9,11507,1999
tt11771594,"American Pie Presents: Girls' Rules","Comedy, Romance",3.9,11275,2020
tt2364897,"The Disappointments Room","Drama, Horror, Thriller",3.9,10877,2016
tt1045655,"The Haunting of Molly Hartley","Drama, Horror, Thriller",3.9,10231,2008
tt6027920,"The Iron Throne","Action, Adventure, Drama",4,267912,2019
tt0938283,"The Last Airbender","Action, Adventure, Family",4,176818,2010
tt11057302,"Madame Web","Action, Adventure, Sci-Fi",4,91290,2024
tt3679040,"Kisi Ka Bhai Kisi Ki Jaan","Action, Comedy, Drama",4,41243,2023
tt0229260,"Book of Shadows: Blair Witch 2","Adventure, Fantasy, Horror",4,40652,2000
tt0479968,"One Missed Call","Horror, Mystery",4,34412,2008
tt0433412,"Material Girls","Comedy, Family, Romance",4,22859,2006
tt3062074,"Sharknado 2: The Second One","Action, Adventure, Comedy",4,20871,2014
tt10230426,"Mrs. Serial Killer","Crime, Drama, Thriller",4,19212,2020
tt2034139,"The Last Exorcism Part II","Horror, Thriller",4,17165,2013
tt8907992,"The Girl on the Train","Crime, Drama, Mystery",4,15140,2021
tt4600952,"The Guardians","Action, Adventure, Comedy",4,14748,2017
tt3899796,"Sharknado 3: Oh Hell No!","Action, Adventure, Comedy",4,14107,2015
tt14502344,They/Them,"Drama, Horror, Mystery",4,12377,2022
tt10303324,"Survive the Night","Action, Drama, Thriller",4,12081,2020
tt9625664,"Trauma Center","Action, Thriller",4,12058,2019
tt0212235,"Shriek If You Know What I Did Last Friday the Thirteenth","Comedy, Horror",4,11679,2000
tt11253090,Annaatthe,"Action, Comedy, Drama",4,10893,2021
tt8400758,"Killers Anonymous","Action, Crime, Mystery",4,10433,2019
tt13851804,Siavash,Drama,4,10323,2021
tt1190617,"An American Carol","Comedy, Fantasy",4,10160,2008
tt12262202,"The Acolyte","Action, Adventure, Drama",4.1,124694,2024
tt0312528,"The Cat in the Hat","Adventure, Comedy, Family",4.1,89435,2003
tt0111301,"Street Fighter","Action, Adventure, Comedy",4.1,76569,1994
tt0107254,"Jason Goes to Hell","Fantasy, Horror, Thriller",4.1,38068,1993
tt0329691,Torque,"Action, Comedy, Crime",4.1,29794,2004
tt1633356,"Shark Night","Action, Horror, Thriller",4.1,27444,2011
tt1679235,"Mean Girls 2","Comedy, Drama",4.1,26229,2011
tt2375779,"Wrong Turn 5: Bloodlines","Adventure, Horror",4.1,23713,2012
tt5913798,Wounds,"Drama, Horror, Mystery",4.1,22262,2019
tt5970844,"Thugs of Hindostan","Action, Adventure",4.1,22226,2018
tt1433822,"The Apparition","Horror, Thriller",4.1,20793,2012
tt0960890,"Zombie Strippers!","Comedy, Horror, Sci-Fi",4.1,19130,2008
tt3612032,"Wrong Turn 6: Last Resort","Adventure, Horror",4.1,18122,2014
tt0119718,"Mr. Magoo","Adventure, Comedy, Family",4.1,16357,1997
tt5103758,"Troy: Fall of a City","Action, Adventure, Fantasy",4.1,15707,2018
tt27785647,"Episode #1.8","Comedy, Drama, Romance",4.1,15171,2023
tt7869070,"The Fanatic","Crime, Drama, Horror",4.1,12747,2019
tt0120604,Beowulf,"Action, Adventure, Fantasy",4.1,12723,1999
tt4382872,Extraction,"Action, Thriller",4.1,12125,2015
tt8433210,"A Dark Foe","Crime, Drama, Horror",4.1,11817,2020
tt0200469,Bats,"Horror, Sci-Fi, Thriller",4.1,11648,1999
tt12772746,Diverged,"Drama, Horror, Thriller",4.1,11633,2021
tt2322441,"Fifty Shades of Grey","Drama, Romance, Thriller",4.2,341076,2015
tt0477051,Norbit,"Comedy, Romance",4.2,81262,2007
tt10280276,"Coolie No. 1","Action, Comedy, Romance",4.2,74377,2020
tt0108255,"Super Mario Bros.","Adventure, Comedy, Family",4.2,64093,1993
tt0107978,"RoboCop 3","Action, Crime, Sci-Fi",4.2,55415,1993
tt0141369,"Inspector Gadget","Action, Adventure, Comedy",4.2,51591,1999
tt0102034,"Highlander II: The Quickening","Action, Adventure, Fantasy",4.2,48636,1991
tt9660182,"Resident Evil","Action, Horror, Sci-Fi",4.2,46897,2022
tt1560985,"The Devil Inside",Horror,4.2,37861,2012
tt0357507,Boogeyman,"Drama, Horror, Mystery",4.2,32955,2005
tt0176269,"Universal Soldier: The Return","Action, Sci-Fi",4.2,31114,1999
tt3120430,Mantus,"Comedy, Drama, Thriller",4.2,28726,2014
tt10062556,"Bhuj: The Pride of India","Action, Drama, History",4.2,25030,2021
tt2309260,"The Gallows","Horror, Mystery, Thriller",4.2,21871,2015
tt0318081,"A Sound of Thunder","Action, Adventure, Horror",4.2,20752,2005
tt3704538,"V/H/S Viral","Horror, Thriller",4.2,20148,2014
tt2752758,"Devil's Due","Horror, Mystery",4.2,18008,2014
tt0120860,"From Dusk Till Dawn 2: Texas Blood Money","Crime, Horror, Thriller",4.2,17724,1999
tt3480796,Vice,"Action, Sci-Fi, Thriller",4.2,17210,2015
tt8597594,Adverse,"Crime, Thriller",4.2,16219,2020
tt6372694,"Prisoners of the Ghostland","Fantasy, Horror, Thriller",4.2,14636,2021
tt5159414,"Escape Room","Horror, Thriller",4.2,14284,2017
tt13978306,Brazen,"Crime, Drama, Mystery",4.2,14025,2022
tt0120786,"The Patriot","Action, Thriller",4.2,13489,1998
tt0354623,"Hellraiser: Hellworld",Horror,4.2,13375,2005
tt7209472,"Aiyai: Wrathful Soul","Mystery, Thriller",4.2,12894,2020
tt0410650,"Species III","Horror, Sci-Fi",4.2,11289,2004
tt2933474,Superfast!,"Action, Comedy, Crime",4.2,11106,2015
tt2178508,"Son of Sardaar","Action, Comedy, Romance",4.2,10867,2012
tt0089200,Ghoulies,"Comedy, Fantasy, Horror",4.2,10673,1984
tt13452100,"Fabulous Lives of Bollywood Wives","Documentary, Reality-TV, Romance",4.2,10482,2020
tt11576124,Rogue,"Action, Horror, Thriller",4.2,10034,2020
tt1502712,"Fantastic Four","Action, Adventure, Sci-Fi",4.3,179950,2015
tt1071875,"Ghost Rider: Spirit of Vengeance","Action, Fantasy, Thriller",4.3,128351,2011
tt1043726,"The Legend of Hercules","Action, Adventure, Fantasy",4.3,56621,2014
tt15979666,"The Archies","Comedy, Drama, Musical",4.3,52994,2023
tt1620680,"A Wrinkle in Time","Adventure, Drama, Family",4.3,48348,2018
tt3089630,"Artemis Fowl","Adventure, Family, Fantasy",4.3,30756,2020
tt4030600,"The Bye Bye Man","Drama, Fantasy, Horror",4.3,26590,2017
tt2515086,"One Direction: This Is Us","Documentary, Music",4.3,25145,2013
tt0844760,"Starship Troopers 3: Marauder","Action, Adventure, Sci-Fi",4.3,24869,2008
tt11112808,Cirkus,"Comedy, Drama",4.3,23940,2022
tt0422774,"Are We Done Yet?","Comedy, Family",4.3,22901,2007
tt0319931,"American Idol","Documentary, Game-Show, Music",4.3,22351,2002
tt1577061,"Recep Ivedik 3",Comedy,4.3,21715,2010
tt0131704,"The Adventures of Rocky & Bullwinkle","Adventure, Comedy, Family",4.3,21392,2000
tt9649436,Enaaya,"Musical, Romance",4.3,20092,2019
tt1392197,Marmaduke,"Comedy, Family",4.3,17860,2010
tt0131646,"Wing Commander","Action, Adventure, Sci-Fi",4.3,17594,1999
tt6494418,Siberia,"Crime, Drama, Romance",4.3,17470,2018
tt13634480,"The Ice Age Adventures of Buck Wild","Adventure, Animation, Comedy",4.3,17371,2022
tt4019560,Exposed,"Crime, Drama, Mystery",4.3,17160,2016
tt0997047,"College Road Trip","Adventure, Comedy, Drama",4.3,16854,2008
tt3838992,"Yoga Hosers","Action, Comedy, Horror",4.3,15799,2016
tt0961722,"Cabin Fever 2: Spring Fever",Horror,4.3,15466,2009
tt1519461,"Area 51","Horror, Mystery, Sci-Fi",4.3,15375,2015
tt0167456,Thunderbirds,"Action, Adventure, Comedy",4.3,14644,2004
tt1320304,"30 Days of Night: Dark Days","Horror, Thriller",4.3,14514,2010
tt4824308,"God's Not Dead 2",Drama,4.3,13757,2016
tt0790804,"The Comebacks","Comedy, Sport",4.3,12138,2007
tt6003368,"Diary of a Wimpy Kid: The Long Haul","Adventure, Comedy, Family",4.3,11361,2017
tt1935302,"Monsters: Dark Continent","Action, Drama, Sci-Fi",4.3,11309,2014
tt10098288,Roohi,"Comedy, Horror",4.3,11181,2021
tt13322120,"American Sicario","Action, Crime, Drama",4.3,10914,2021
tt0190524,"Left Behind: The Movie","Action, Drama, Fantasy",4.3,10733,2000
tt3803860,Puli,"Action, Adventure, Fantasy",4.3,10616,2015
tt4575328,"2036 Origin Unknown","Action, Sci-Fi, Thriller",4.3,10174,2018
tt1333125,"Movie 43",Comedy,4.4,114461,2013
tt14954666,"The Idol","Drama, Music",4.4,112629,2023
tt1467304,"The Human Centipede (First Sequence)",Horror,4.4,90019,2009
tt0370032,Ultraviolet,"Action, Sci-Fi",4.4,84621,2006
tt0338459,"Spy Kids 3: Game Over","Action, Adventure, Comedy",4.4,67617,2003
tt1592873,LOL,"Comedy, Drama, Romance",4.4,58608,2012
tt10155932,Cinderella,"Comedy, Family, Fantasy",4.4,47831,2021
tt0105477,"Stop! Or My Mom Will Shoot","Action, Comedy",4.4,45376,1992
tt0430912,"Basic Instinct 2","Drama, Mystery, Thriller",4.4,42104,2006
tt3450650,"Paul Blart: Mall Cop 2","Action, Comedy, Crime",4.4,41990,2015
tt1615918,"Alvin and the Chipmunks: Chipwrecked","Adventure, Comedy, Family",4.4,40750,2011
tt15334030,Martin,"Action, Drama, Thriller",4.4,34506,2024
tt0098105,"Police Academy 6: City Under Siege","Comedy, Crime",4.4,33687,1989
tt0107438,"Look Who's Talking Now","Comedy, Family, Romance",4.4,31353,1993
tt0775440,Cell,"Action, Adventure, Horror",4.4,31218,2016
tt3612126,"The Grudge","Fantasy, Horror",4.4,30274,2019
tt0115683,Bio-Dome,Comedy,4.4,30263,1996
tt4590256,"He's All That","Comedy, Romance",4.4,29647,2021
tt5635026,"Peter Pan & Wendy","Adventure, Family, Fantasy",4.4,28639,2023
tt2167202,Getaway,"Action, Thriller",4.4,25450,2013
tt0088206,Supergirl,"Action, Adventure, Fantasy",4.4,24457,1984
tt3595298,"Prem Ratan Dhan Payo","Action, Drama, Musical",4.4,23968,2015
tt6950476,Tejas,"Action, Drama, Thriller",4.4,23267,2023
tt0383060,Zoom,"Action, Adventure, Comedy",4.4,23134,2006
tt1748197,Setup,"Action, Crime, Drama",4.4,21909,2011
tt6745550,"Exit 0","Mystery, Thriller",4.4,21193,2019
tt0393735,"The Shaggy Dog","Comedy, Family, Fantasy",4.4,20408,2006
tt0192731,"Urban Legends: Final Cut","Horror, Mystery",4.4,19284,2000
tt0249380,Baise-moi,"Crime, Drama, Thriller",4.4,18775,2000
tt6772804,"Escape Plan: The Extractors","Action, Crime, Thriller",4.4,17628,2019
tt7456312,"The Last Thing He Wanted","Crime, Drama, Mystery",4.4,16944,2020
tt1287468,"Cats & Dogs: The Revenge of Kitty Galore","Action, Comedy, Family",4.4,16499,2010
tt0196267,"Cruel Intentions 2",Drama,4.4,16371,2000
tt11947158,"Ek Villain Returns","Action, Crime, Romance",4.4,15883,2022
tt6528290,"Knights of the Zodiac","Action, Adventure, Drama",4.4,14636,2023
tt0113010,"Fair Game","Action, Romance, Thriller",4.4,14073,1995
tt8195518,Cuck,"Crime, Drama, Thriller",4.4,13639,2019
tt0396592,"Fat Albert","Comedy, Family, Fantasy",4.4,13153,2004
tt2314824,"Behaving Badly","Comedy, Romance",4.4,12498,2014
tt0337636,"Hellraiser: Deader","Horror, Mystery, Thriller",4.4,12211,2005
tt3774790,"400 Days","Mystery, Sci-Fi, Thriller",4.4,11348,2015
tt3584496,"Mermaid Down","Fantasy, Horror, Mystery",4.4,11206,2019
tt0334965,"Bring It on: Again","Comedy, Sport",4.4,11010,2004
tt0469916,"Hollow Man II","Action, Horror, Sci-Fi",4.4,10415,2006
tt0113762,"The Mangler","Horror, Mystery",4.4,10181,1995
tt1564585,Skyline,"Action, Sci-Fi, Thriller",4.5,92777,2010
tt1241317,"Death Note","Crime, Drama, Fantasy",4.5,91827,2017
tt1261945,"Sex and the City 2","Comedy, Drama, Romance",4.5,85246,2010
tt3554046,"Space Jam: A New Legacy","Adventure, Animation, Comedy",4.5,82215,2021
tt4477536,"Fifty Shades Freed","Drama, Mystery, Romance",4.5,76590,2018
tt0329774,"xXx: State of the Union","Action, Adventure, Crime",4.5,74340,2005
tt0211443,"Jason X","Action, Horror, Sci-Fi",4.5,63082,2001
tt0430304,"Little Man","Comedy, Crime",4.5,61275,2006
tt1204977,Ouija,"Horror, Mystery, Thriller",4.5,59027,2014
tt0144528,"Nutty Professor II: The Klumps","Comedy, Romance, Sci-Fi",4.5,53981,2000
tt0097388,"Friday the 13th Part VIII: Jason Takes Manhattan","Adventure, Horror, Thriller",4.5,44684,1989
tt0498381,Rings,"Drama, Horror, Mystery",4.5,43883,2017
tt0457297,"The Butterfly Effect 2","Drama, Sci-Fi, Thriller",4.5,37693,2006
tt0257568,"Kangaroo Jack","Action, Adventure, Comedy",4.5,34296,2003
tt0120841,"Species II","Action, Horror, Sci-Fi",4.5,32270,1998
tt13130948,Shehzada,"Action, Comedy, Drama",4.5,31618,2023
tt1464174,"Big Mommas: Like Father, Like Son","Action, Comedy, Crime",4.5,29985,2011
tt1865567,"Wrong Turn 4: Bloody Beginnings","Adventure, Horror",4.5,28829,2011
tt0367085,"Soul Plane",Comedy,4.5,24949,2004
tt9419834,"Secret Obsession","Crime, Drama, Mystery",4.5,24829,2019
tt0486640,Postal,"Action, Comedy, Crime",4.5,24501,2007
tt4439620,"Redemption Day","Action, Drama, Thriller",4.5,24338,2021
tt1373215,"Recep Ivedik 2",Comedy,4.5,23282,2009
tt0110027,"Highlander: The Final Dimension","Action, Fantasy, Romance",4.5,22416,1994
tt0489018,"Day of the Dead","Action, Horror, Sci-Fi",4.5,22037,2008
tt6915770,Starfish,"Drama, Romance, Thriller",4.5,19385,2023
tt10148174,"The Walking Dead: World Beyond","Drama, Horror",4.5,18673,2020
tt26932223,"Bhool Bhulaiyaa 3","Comedy, Horror",4.5,17713,2024
tt6774786,Occupation,"Action, Drama, Sci-Fi",4.5,17530,2018
tt1878841,"The Darkness","Horror, Thriller",4.5,17300,2016
tt0110687,North,"Adventure, Comedy, Drama",4.5,14960,1994
tt1212974,"Bitch Slap","Action, Comedy, Crime",4.5,14242,2009
tt4876134,"The Misfits","Action, Adventure, Comedy",4.5,14122,2021
tt0461703,Skinwalkers,"Action, Fantasy, Horror",4.5,13896,2006
tt0101627,"Critters 3","Comedy, Horror, Sci-Fi",4.5,13575,1991
tt0100934,"Wild Orchid","Drama, Romance",4.5,13136,1989
tt0482603,"Space Chimps","Adventure, Animation, Comedy",4.5,12749,2008
tt6143568,"The Humanity Bureau","Sci-Fi, Thriller",4.5,12264,2017
tt14813212,"The Munsters","Comedy, Family, Fantasy",4.5,12062,2022
tt0787505,"Rest Stop","Horror, Romance, Thriller",4.5,11963,2006
tt1274586,"Dying of the Light","Action, Drama, Thriller",4.5,11713,2014
tt1913166,Nurse,"Horror, Thriller",4.5,11657,2013
tt0308353,"Happily N'Ever After","Adventure, Animation, Comedy",4.5,11254,2006
tt1031254,"Lost Boys: The Tribe","Comedy, Horror, Thriller",4.5,10852,2008
tt0827782,"Return to House on Haunted Hill","Crime, Fantasy, Horror",4.5,10713,2007
tt2978626,"It's Entertainment","Action, Comedy, Drama",4.5,10015,2014
tt0758730,"Aliens vs. Predator: Requiem","Action, Horror, Sci-Fi",4.6,137978,2007
tt0119303,"Home Alone 3","Action, Comedy, Crime",4.6,129022,1997
tt4465564,"Fifty Shades Darker","Drama, Mystery, Romance",4.6,114338,2017
tt2109184,"Paranormal Activity 4","Horror, Mystery",4.6,71276,2012
tt11117570,Tandav,"Drama, Thriller",4.6,61157,2021
tt1231580,"Alvin and the Chipmunks: The Squeakquel","Adventure, Comedy, Family",4.6,56002,2009
tt0155975,Psycho,"Horror, Mystery, Thriller",4.6,51257,1998
tt0117765,Striptease,"Comedy, Crime, Drama",4.6,48922,1996
tt10121392,"Thunder Force","Action, Adventure, Comedy",4.6,46280,2021
tt2528814,"God's Not Dead","Drama, Romance",4.6,45648,2014
tt0316732,Taxi,"Action, Comedy, Crime",4.6,45558,2004
tt0132245,Driven,"Action, Drama, Sport",4.6,43594,2001
tt0084021,"Grease 2","Comedy, Music, Musical",4.6,39217,1982
tt0095882,"Police Academy 5: Assignment: Miami Beach","Comedy, Crime",4.6,39025,1988
tt1255916,"Hostel: Part III",Horror,4.6,36494,2011
tt0116654,"The Island of Dr. Moreau","Horror, Sci-Fi, Thriller",4.6,36081,1996
tt0110657,"The Next Karate Kid","Action, Drama, Family",4.6,34687,1994
tt2473510,"Paranormal Activity: The Ghost Dimension","Horror, Mystery",4.6,31376,2015
tt4978420,Borderlands,"Action, Adventure, Comedy",4.6,31142,2024
tt1261978,"Wrong Turn 3: Left for Dead","Adventure, Fantasy, Horror",4.6,29802,2009
tt2799166,"The Pyramid","Horror, Mystery, Thriller",4.6,27730,2014
tt0110725,"On Deadly Ground","Action, Adventure, Thriller",4.6,25857,1994
tt0374563,Captivity,"Crime, Horror, Mystery",4.6,23856,2007
tt1798632,Firestarter,"Drama, Horror, Sci-Fi",4.6,23787,2022
tt1302067,"Yogi Bear","Adventure, Animation, Comedy",4.6,23738,2010
tt0115986,"The Crow: City of Angels","Action, Crime, Fantasy",4.6,22514,1996
tt0338763,"Battle Royale II","Action, Adventure, Drama",4.6,21671,2003
tt0144964,"Highlander: Endgame","Action, Adventure, Fantasy",4.6,21523,2000
tt1472584,"Max Steel","Action, Adventure, Fantasy",4.6,20854,2016
tt1901024,"Dark Crimes","Crime, Drama, Mystery",4.6,20396,2016
tt1053859,"The Grudge 3","Horror, Mystery, Thriller",4.6,19971,2009
tt1085492,"The Prince","Action, Thriller",4.6,19330,2014
tt22050754,"The Strangers: Chapter 1",Horror,4.6,19148,2024
tt1886493,"Catch .44","Action, Thriller",4.6,18018,2011
tt0492486,Shrooms,"Comedy, Horror, Mystery",4.6,17914,2007
tt5834874,"Trigger Warning","Action, Crime, Thriller",4.6,17559,2024
tt4685762,"The Craft: Legacy","Drama, Fantasy, Horror",4.6,17279,2020
tt0297162,"Half Past Dead","Action, Crime, Thriller",4.6,17005,2002
tt1087461,"Megan Is Missing","Drama, Horror, Thriller",4.6,16957,2011
tt5059406,"I Am the Pretty Thing That Lives in the House","Drama, Horror, Mystery",4.6,16717,2016
tt0106453,"Body of Evidence","Drama, Thriller",4.6,16706,1993
tt0358349,"Agent Cody Banks 2: Destination London","Action, Adventure, Comedy",4.6,16171,2004
tt0080391,"Attack of the Killer Tomatoes!","Adventure, Comedy, Horror",4.6,15311,1978
tt1552224,Outcast,"Action, Adventure, Thriller",4.6,14471,2014
tt10308928,"Force of Nature","Action, Adventure, Crime",4.6,13742,2020
tt1142800,"Madea Goes to Jail","Comedy, Crime, Drama",4.6,13127,2009
tt0844671,College,Comedy,4.6,12735,2008
tt15387058,Choice,"Action, Adventure, Drama",4.6,12653,2024
tt3322892,XX,Horror,4.6,12545,2017
tt14145436,"Pet Sematary: Bloodlines","Fantasy, Horror",4.6,12466,2023
tt0462229,"Code Name: The Cleaner","Action, Comedy, Crime",4.6,12277,2007
tt0110329,"Leprechaun 2","Comedy, Fantasy, Horror",4.6,12192,1994
tt0092115,Troll,"Comedy, Fantasy, Horror",4.6,12048,1986
tt0486578,"First Sunday","Comedy, Crime, Drama",4.6,11867,2008
tt0103003,"Suburban Commando","Action, Comedy, Sci-Fi",4.6,11372,1991
tt7238392,"Taxi 5","Action, Comedy, Crime",4.6,11119,2018
tt0428251,Venom,Horror,4.6,11020,2005
tt14263856,"Last the Night","Horror, Thriller",4.6,10942,2022
tt0092534,"Allan Quatermain and the Lost City of Gold","Action, Adventure, Comedy",4.6,10686,1986
tt7638344,Dhadak,"Drama, Romance",4.6,10673,2018
tt0130236,"Samurai Cop","Action, Crime, Thriller",4.6,10475,1991
tt3458254,"Patient Zero","Action, Drama, Horror",4.6,10445,2018
tt11656220,"Midnight in the Switchgrass","Crime, Mystery, Thriller",4.6,10441,2021
tt0109015,"3 Ninjas Kick Back","Action, Comedy, Family",4.6,10087,1994
tt4651410,"Precious Cargo","Action, Comedy, Thriller",4.6,10008,2016
tt0357277,Elektra,"Action, Adventure, Crime",4.7,100237,2005
tt0426592,"Superhero Movie","Action, Comedy, Sci-Fi",4.7,77517,2008
tt1608290,"Zoolander 2","Action, Adventure, Comedy",4.7,77386,2016
tt0110216,Junior,"Comedy, Romance, Sci-Fi",4.7,74109,1994
tt11755740,"Texas Chainsaw Massacre","Crime, Horror, Thriller",4.7,64340,2022
tt0831887,"The Spirit","Action, Crime, Fantasy",4.7,63225,2008
tt1075747,"Jonah Hex","Action, Drama, Fantasy",4.7,62555,2010
tt8426926,Shamshera,"Action, Adventure, Drama",4.7,57365,2022
tt0367652,"Deuce Bigalow: European Gigolo",Comedy,4.7,54001,2005
tt1139668,"The Unborn","Horror, Mystery, Thriller",4.7,53769,2009
tt0101917,"Freddy's Dead: The Final Nightmare","Fantasy, Horror",4.7,52413,1991
tt0240515,"Freddy Got Fingered",Comedy,4.7,52216,2001
tt0091225,"Howard the Duck","Action, Adventure, Comedy",4.7,51949,1986
tt1407050,"American Pie Presents: The Book of Love",Comedy,4.7,50100,2009
tt0100050,"Look Who's Talking Too","Comedy, Family, Romance",4.7,49371,1990
tt0240462,"Dr. Dolittle 2","Comedy, Family, Fantasy",4.7,48058,2001
tt3181822,"The Boy Next Door",Thriller,4.7,46616,2015
tt1114677,"Hannah Montana: The Movie","Comedy, Drama, Family",4.7,46513,2009
tt0113253,"Halloween: The Curse of Michael Myers","Horror, Thriller",4.7,43499,1995
tt2334871,Snatched,"Action, Adventure, Comedy",4.7,37989,2017
tt1714209,"In the Land of Blood and Honey","Drama, Romance, War",4.7,34737,2011
tt0366174,"Anacondas: The Hunt for the Blood Orchid","Action, Adventure, Horror",4.7,34618,2004
tt7721800,Bharat,"Action, Comedy, Drama",4.7,32769,2019
tt0361467,"Confessions of a Teenage Drama Queen","Comedy, Family, Music",4.7,31926,2004
tt0454919,Pulse,"Horror, Sci-Fi, Thriller",4.7,31241,2006
tt0454082,"Black Christmas",Horror,4.7,31097,2006
tt0270980,"My Boss's Daughter","Comedy, Romance",4.7,30884,2003
tt13610562,"The Bubble",Comedy,4.7,29110,2022
tt1729637,Bodyguard,"Action, Comedy, Drama",4.7,28382,2011
tt14482414,"Racket Boys","Comedy, Drama, Sport",4.7,28235,2021
tt14174940,Interceptor,"Action, Adventure, Drama",4.7,27980,2022
tt13280476,"Sins of the Father","Crime, Drama, Mystery",4.7,26505,2022
tt13186604,Uglies,"Action, Adventure, Drama",4.7,25713,2024
tt1603257,ATM,"Horror, Mystery, Thriller",4.7,25700,2012
tt0114825,"Vampire in Brooklyn","Comedy, Fantasy, Horror",4.7,25625,1995
tt9682428,"Night Swim","Horror, Thriller",4.7,24989,2024
tt0411705,"9 Songs","Drama, Music, Romance",4.7,24363,2004
tt1340094,"The Crow","Action, Crime, Fantasy",4.7,24361,2024
tt2828996,"A Haunted House 2","Comedy, Fantasy, Horror",4.7,23928,2014
tt6199572,Capone,"Biography, Crime, Drama",4.7,23689,2020
tt9173418,"Brahms: The Boy II","Drama, Horror, Mystery",4.7,21251,2020
tt0095889,"Poltergeist III","Horror, Thriller",4.7,21208,1988
tt1935896,"The ABCs of Death","Comedy, Horror",4.7,20718,2012
tt0205271,"Dr. T & the Women","Comedy, Drama, Romance",4.7,20419,2000
tt9067020,"The I-Land","Adventure, Drama, Mystery",4.7,19872,2019
tt1524575,"The Vatican Tapes","Horror, Thriller",4.7,19458,2015
tt10600398,"We Can Be Heroes","Action, Animation, Comedy",4.7,17663,2020
tt15012366,"The Empire","Action, Drama, History",4.7,17303,2021
tt2124787,"Final Girl","Horror, Thriller",4.7,17064,2015
tt8615822,"Occupation: Rainfall","Action, Sci-Fi",4.7,15601,2020
tt7545266,"Like a Boss",Comedy,4.7,15510,2020
tt11364772,Kabzaa,"Action, Crime, Thriller",4.7,15441,2023
tt0246544,"The Musketeer","Action, Adventure, Romance",4.7,15158,2001
tt26658104,Imaginary,"Horror, Mystery, Thriller",4.7,14999,2024
tt1300853,"Green Street Hooligans 2","Crime, Drama, Sport",4.7,14717,2009
tt5539054,"You Get Me","Crime, Drama, Mystery",4.7,14620,2017
tt0326769,"Biker Boyz","Action, Drama",4.7,14293,2003
tt0844993,"Hoodwinked Too! Hood vs. Evil","Adventure, Animation, Comedy",4.7,14188,2011
tt0250310,"Corky Romano","Comedy, Crime",4.7,13867,2001
tt0106471,"Boxing Helena","Drama, Mystery, Romance",4.7,13342,1993
tt1117581,Arena,"Action, Thriller",4.7,12465,2011
tt0433442,"The Return","Horror, Mystery, Thriller",4.7,12436,2005
tt13070038,"After Ever Happy","Drama, Romance",4.7,12431,2022
tt0093278,Ishtar,"Action, Adventure, Comedy",4.7,12296,1987
tt27785634,"Episode #1.1","Comedy, Drama, Romance",4.7,11841,2023
tt0156841,"The Next Best Thing","Comedy, Drama, Romance",4.7,11815,2000
tt0290212,"Full Frontal","Comedy, Romance",4.7,11368,2002
tt9026184,"Girl on the Third Floor","Drama, Horror, Mystery",4.7,11364,2019
tt0270707,"The Truth About Charlie","Mystery, Thriller",4.7,11142,2002
tt13235822,Umma,"Drama, Horror, Mystery",4.7,10957,2022
tt0116671,"Jack Frost","Comedy, Fantasy, Horror",4.7,10939,1997
tt0119152,"Free Willy 3: The Rescue","Adventure, Drama, Family",4.7,10922,1997
tt1815708,Freelancers,"Action, Crime, Drama",4.7,10813,2012
tt1385912,"I Can Do Bad All by Myself","Comedy, Drama",4.7,10802,2009
tt10023024,"Love Aaj Kal","Drama, Romance",4.7,10788,2020
tt1391137,"Why Did I Get Married Too?","Comedy, Drama, Romance",4.7,10424,2010
tt1259571,"The Twilight Saga: New Moon","Adventure, Drama, Fantasy",4.8,304862,2009
tt1815862,"After Earth","Action, Adventure, Sci-Fi",4.8,211268,2013
tt0130018,"I Still Know What You Did Last Summer","Horror, Mystery, Thriller",4.8,80441,1998
tt0374536,Bewitched,"Comedy, Fantasy, Romance",4.8,76229,2005
tt0333780,"Legally Blonde 2: Red, White & Blonde",Comedy,4.8,74205,2003
tt0255798,"The Animal","Comedy, Sci-Fi",4.8,64736,2001
tt1311067,"Halloween II",Horror,4.8,61269,2009
tt1572315,"Texas Chainsaw","Horror, Thriller",4.8,57256,2013
tt1562871,Ra.One,"Action, Adventure, Sci-Fi",4.8,47777,2011
tt0421729,"Big Momma's House 2","Comedy, Crime",4.8,47209,2006
tt0398913,"DOA: Dead or Alive","Action, Adventure, Mystery",4.8,46715,2006
tt3387542,"The Forest","Horror, Mystery, Thriller",4.8,46297,2016
tt3291150,"The Expendables 4","Action, Adventure, Thriller",4.8,45754,2023
tt0089173,"Friday the 13th: A New Beginning","Horror, Mystery, Thriller",4.8,45679,1985
tt0881891,"All About Steve","Comedy, Family, Romance",4.8,44860,2009
tt12921446,"The Exorcist: Believer",Horror,4.8,44688,2023
tt0452681,"The Santa Clause 3: The Escape Clause","Adventure, Comedy, Family",4.8,43202,2006
tt1265990,"The Roommate","Drama, Horror, Thriller",4.8,41990,2011
tt0211181,"102 Dalmatians","Adventure, Comedy, Family",4.8,40150,2000
tt4191580,"Meet the Blacks","Comedy, Horror",4.8,38080,2016
tt0119013,"Double Team","Action, Comedy, Sci-Fi",4.8,37201,1997
tt0108308,"Teenage Mutant Ninja Turtles III","Action, Adventure, Comedy",4.8,37029,1993
tt3256226,IO,"Adventure, Drama, Sci-Fi",4.8,36713,2019
tt0419946,"The Marine","Action, Comedy, Drama",4.8,36319,2006
tt0368578,"Are We There Yet?","Adventure, Comedy, Family",4.8,35093,2005
tt4986098,"The Titan","Drama, Mystery, Romance",4.8,33901,2018
tt0326856,Envy,Comedy,4.8,32588,2004
tt0107387,Leprechaun,"Comedy, Fantasy, Horror",4.8,31234,1993
tt2339741,"The Woman in Black 2: Angel of Death","Drama, Horror, Thriller",4.8,29873,2014
tt0411951,Tekken,"Action, Crime, Drama",4.8,28817,2010
tt11514780,"Choose or Die","Drama, Horror, Thriller",4.8,26836,2022
tt0335121,Godsend,"Action, Drama, Fantasy",4.8,26734,2004
tt0231402,"Crocodile Dundee in Los Angeles","Action, Adventure, Comedy",4.8,26541,2001
tt14060094,Blacklight,"Action, Drama, Thriller",4.8,25581,2022
tt14088510,Tarot,Horror,4.8,25489,2024
tt0104009,"Cool World","Animation, Comedy, Fantasy",4.8,25427,1992
tt0480271,"Van Wilder: The Rise of Taj","Comedy, Romance",4.8,24209,2006
tt2578802,"Remember the Monsters?","Crime, Drama, Mystery",4.8,23449,2013
tt12783454,"The Kissing Booth 3","Comedy, Romance",4.8,23292,2021
tt0467110,Underdog,"Action, Adventure, Comedy",4.8,23015,2007
tt1134854,"Survival of the Dead","Comedy, Drama, Horror",4.8,22810,2009
tt4244162,"Beta Test","Action, Sci-Fi, Thriller",4.8,22108,2016
tt0872230,"My Soul to Take","Horror, Mystery, Thriller",4.8,21935,2010
tt13069986,"After We Fell","Drama, Romance",4.8,21530,2021
tt14042066,Dobaaraa,"Drama, Fantasy, Mystery",4.8,21155,2022
tt2784512,Zombeavers,"Comedy, Horror",4.8,21034,2014
tt2112131,"Fearless 2","Action, Comedy, Crime",4.8,20252,2012
tt0134983,Supernova,"Horror, Sci-Fi, Thriller",4.8,19763,2000
tt0166276,Monkeybone,"Comedy, Fantasy",4.8,19457,2001
tt0144814,"The Rage: Carrie 2","Drama, Horror, Sci-Fi",4.8,18387,1999
tt6394324,Charmed,"Drama, Fantasy, Mystery",4.8,18247,2018
tt15387030,Day,"Action, Adventure, Drama",4.8,17927,2024
tt0086361,"Staying Alive","Drama, Music, Romance",4.8,17889,1983
tt0143808,"Pocahontas 2: Journey to a New World","Adventure, Animation, Drama",4.8,17738,1998
tt1801552,Gotti,"Biography, Crime, Drama",4.8,17485,2018
tt1975159,"Flight 7500","Drama, Horror, Sci-Fi",4.8,17440,2014
tt21307994,Skinamarink,"Horror, Mystery",4.8,17334,2022
tt4565520,"The Layover","Comedy, Romance",4.8,17242,2017
tt0484562,"The Seeker: The Dark Is Rising","Adventure, Drama, Family",4.8,15945,2007
tt1935897,"Amityville: The Awakening","Horror, Thriller",4.8,15865,2017
tt8461224,"The Tax Collector","Action, Crime, Drama",4.8,15772,2020
tt0409011,Lovewrecked,"Adventure, Comedy, Romance",4.8,15699,2005
tt5689068,"Why We're Killing Gunther","Action, Comedy, Thriller",4.8,15606,2017
tt12004280,"Too Hot to Handle","Documentary, Game-Show, Reality-TV",4.8,15398,2020
tt0772193,Primeval,"Action, Adventure, Crime",4.8,15333,2007
tt26926267,"Mother of the Bride","Comedy, Drama, Romance",4.8,15181,2024
tt2582500,"Shut In","Drama, Horror, Mystery",4.8,15178,2016
tt0108539,"Weekend at Bernie's II","Adventure, Comedy, Fantasy",4.8,14706,1993
tt0283632,They,"Horror, Mystery, Thriller",4.8,14224,2002
tt1576699,"Mirrors 2","Horror, Mystery",4.8,13742,2010
tt11950142,"Just Jen","Action, Adventure, Comedy",4.8,13381,2022
tt1705952,Tarzan,"Action, Adventure, Animation",4.8,13140,2013
tt0120695,"From Dusk Till Dawn 3: The Hangman's Daughter","Horror, Thriller, Western",4.8,12849,1999
tt1780762,Aftershock,"Action, Adventure, Horror",4.8,12573,2012
tt1319733,"Road Trip: Beer Pong",Comedy,4.8,12496,2009
tt1231287,"Labor Pains","Comedy, Romance",4.8,12235,2009
tt1132449,"Lay the Favorite","Comedy, Drama, Romance",4.8,12205,2012
tt1756851,Twixt,"Comedy, Fantasy, Horror",4.8,12107,2011
tt6843812,"Baaghi 2","Action, Crime, Drama",4.8,11943,2018
tt12592252,Songbird,"Drama, Sci-Fi, Thriller",4.8,11901,2020
tt5498354,"Horizon Line","Action, Adventure, Drama",4.8,11894,2020
tt8075016,"The Courier","Action, Crime, Drama",4.8,11847,2019
tt3836512,Ratter,"Drama, Horror, Thriller",4.8,11600,2015
tt0160484,"Lost Souls","Drama, Horror, Thriller",4.8,11489,2000
tt0084814,"Trail of the Pink Panther","Comedy, Crime, Mystery",4.8,11454,1982
tt5862166,"The Poison Rose","Crime, Mystery, Thriller",4.8,11448,2019
tt0093608,Nekromantik,Horror,4.8,11362,1988
tt0094321,"Who's That Girl","Comedy, Music, Romance",4.8,11298,1987
tt4552524,Jeruzalem,"Horror, Sci-Fi, Thriller",4.8,11294,2015
tt2247692,"2016: Obama's America",Documentary,4.8,11052,2012
tt1945062,"About Cherry",Drama,4.8,11045,2012
tt0119214,"Gone Fishin'","Comedy, Crime",4.8,10754,1997
tt1407049,Altitude,"Horror, Mystery, Sci-Fi",4.8,10708,2010
tt4157728,"The Last Boy","Fantasy, Mystery, Sci-Fi",4.8,10405,2019
tt0267248,Abandon,"Drama, Mystery, Romance",4.8,10241,2002
tt7838536,Awoken,"Horror, Mystery, Thriller",4.8,10219,2019
tt0100475,Repossessed,"Comedy, Fantasy, Horror",4.8,10132,1990
tt1324999,"The Twilight Saga: Breaking Dawn - Part 1","Adventure, Drama, Fantasy",4.9,258451,2011
tt0120891,"Wild Wild West","Action, Comedy, Sci-Fi",4.9,168968,1999
tt0305357,"Charlie's Angels: Full Throttle","Action, Adventure, Comedy",4.9,134555,2003
tt0118615,Anaconda,"Action, Adventure, Horror",4.9,114354,1997
tt3605418,"Knock Knock","Crime, Thriller",4.9,107483,2015
tt1045778,"Year One",Comedy,4.9,105007,2009
tt1320261,"Gulliver's Travels","Adventure, Comedy, Family",4.9,74692,2010
tt1273235,"A Serbian Film","Horror, Mystery, Thriller",4.9,74062,2010
tt0938330,"Silent Hill: Revelation","Horror, Mystery, Thriller",4.9,67756,2012
tt1093357,"The Darkest Hour","Action, Adventure, Horror",4.9,64438,2011
tt1029360,Poltergeist,"Horror, Thriller",4.9,62585,2015
tt0983946,"Fantasy Island","Fantasy, Horror, Mystery",4.9,60230,2020
tt0228333,"Ghosts of Mars","Action, Horror, Sci-Fi",4.9,58862,2001
tt19768024,"Indian Police Force","Action, Crime, Drama",4.9,58334,2024
tt2103254,Tammy,"Comedy, Romance",4.9,55540,2014
tt2479478,"The Ridiculous 6","Action, Adventure, Comedy",4.9,54730,2015
tt0400497,"Herbie Fully Loaded","Adventure, Comedy, Family",4.9,51615,2005
tt0387575,"Seed of Chucky","Comedy, Horror, Thriller",4.9,51316,2004
tt0097474,"Halloween 5: The Revenge of Michael Myers","Horror, Thriller",4.9,48633,1989
tt0104437,"Honey, I Blew Up the Kid","Adventure, Comedy, Family",4.9,47568,1992
tt12785720,"The Witcher: Blood Origin","Action, Adventure, Drama",4.9,45845,2022
tt0265087,"Black Knight","Adventure, Comedy, Fantasy",4.9,43978,2001
tt1314228,"Did You Hear About the Morgans?","Comedy, Drama, Romance",4.9,43207,2009
tt1366365,"The Cold Light of Day","Action, Thriller",4.9,40148,2012
tt0219653,"Dracula 2000","Action, Fantasy, Horror",4.9,37209,2000
tt0118747,"Blues Brothers 2000","Action, Comedy, Crime",4.9,35172,1998
tt0285462,"Boat Trip",Comedy,4.9,32625,2002
tt0242998,Valentine,"Horror, Mystery, Thriller",4.9,30686,2001
tt1193516,"Recep Ivedik",Comedy,4.9,29484,2008
tt11497716,"The Legend","Action, Drama, Romance",4.9,29411,2022
tt4154858,Inhumans,"Action, Adventure, Sci-Fi",4.9,29334,2017
tt1452628,"Vanishing on 7th Street","Horror, Mystery, Thriller",4.9,27686,2010
tt10418662,Awake,"Action, Adventure, Drama",4.9,26966,2021
tt0363282,"New York Minute","Adventure, Comedy, Crime",4.9,25282,2004
tt24517830,"Bad Newz","Comedy, Romance",4.9,25166,2024
tt0102719,"Problem Child 2","Comedy, Family",4.9,24123,1991
tt0105128,"Pet Sematary II","Fantasy, Horror, Thriller",4.9,23988,1992
tt2974918,"Alvin and the Chipmunks: The Road Chip","Adventure, Comedy, Family",4.9,23356,2015
tt13029044,Mother/Android,"Drama, Sci-Fi, Thriller",4.9,21610,2021
tt1179817,"The Secret Life of the American Teenager","Comedy, Drama, Family",4.9,21127,2008
tt8150814,"There's Someone Inside Your House","Horror, Mystery, Thriller",4.9,20479,2021
tt1708532,Ready,"Action, Comedy, Romance",4.9,20169,2011
tt0315824,"The Big Bounce","Comedy, Crime",4.9,18930,2004
tt2386237,Malevolent,"Horror, Mystery, Thriller",4.9,17754,2018
tt0865554,"The Informers","Crime, Drama, Thriller",4.9,17669,2008
tt0811106,"The Ten","Comedy, Romance",4.9,17030,2007
tt0330099,"The Brown Bunny",Drama,4.9,16895,2003
tt0120724,"Knock Off","Action, Crime, Thriller",4.9,16689,1998
tt1911662,"Vehicle 19","Action, Crime, Thriller",4.9,16091,2013
tt1653690,"Ong Bak 3",Action,4.9,14900,2010
tt0274546,"Hellraiser: Hellseeker","Horror, Mystery, Thriller",4.9,14868,2002
tt11240506,"Nobody Sleeps in the Woods Tonight","Fantasy, Horror, Mystery",4.9,14609,2020
tt2193265,"Welcome to the Jungle","Action, Adventure, Comedy",4.9,14213,2013
tt4558376,Downhill,"Comedy, Drama",4.9,14019,2020
tt1785635,"The Vault","Crime, Horror, Mystery",4.9,13835,2017
tt0162983,"Hanging Up","Comedy, Drama",4.9,13299,2000
tt0132910,"The Crow: Salvation","Action, Crime, Fantasy",4.9,13056,2000
tt0389328,"Rise: Blood Hunter","Action, Crime, Horror",4.9,12710,2007
tt0476958,Amusement,"Crime, Horror, Mystery",4.9,12525,2008
tt2070862,"Temptation: Confessions of a Marriage Counselor",Drama,4.9,12517,2013
tt16437278,"The Strays","Drama, Mystery, Thriller",4.9,12479,2023
tt3082898,"Kickboxer: Vengeance","Action, Crime, Drama",4.9,12352,2016
tt0306734,"The Divorce","Comedy, Drama, Romance",4.9,12237,2003
tt1918734,2067,"Mystery, Sci-Fi",4.9,12087,2020
tt7394816,Primal,"Action, Thriller",4.9,11627,2019
tt5215088,"A.I. Rising","Drama, Romance, Sci-Fi",4.9,11564,2018
tt5075662,"The Isle","Fantasy, Mystery, Thriller",4.9,11544,2018
tt4559046,"Housefull 3","Action, Comedy, Romance",4.9,11120,2016
tt1268987,"Operation: Endgame","Action, Comedy",4.9,10954,2010
tt0377309,"Survival Island","Drama, Thriller",4.9,10661,2005
tt0463398,"Dancing with the Stars","Family, Music, Reality-TV",4.9,10635,2005
tt2318527,"Hell Baby","Comedy, Horror",4.9,10202,2013
tt0949731,"The Happening","Adventure, Drama, Sci-Fi",5,220044,2008
tt0109813,"The Flintstones","Comedy, Family, Fantasy",5,87936,1994
tt9224104,"Meg 2: The Trench","Action, Adventure, Horror",5,87321,2023
tt0171363,"The Haunting","Fantasy, Horror, Mystery",5,81836,1999
tt5033998,"Charlie's Angels","Action, Adventure, Comedy",5,81351,2019
tt0436058,"American Pie Presents: Band Camp",Comedy,5,76558,2005
tt0086393,"Superman III","Action, Adventure, Comedy",5,76089,1983
tt10665342,"Halloween Ends","Drama, Horror, Mystery",5,75896,2022
tt1991245,"Chernobyl Diaries","Horror, Mystery, Thriller",5,69102,2012
tt0962726,"High School Musical 3: Senior Year","Comedy, Drama, Family",5,68831,2008
tt0097981,"A Nightmare on Elm Street: The Dream Child","Fantasy, Horror",5,52259,1989
tt2243537,"A Haunted House","Comedy, Fantasy, Horror",5,50893,2013
tt1540011,"Blair Witch","Horror, Mystery, Thriller",5,50748,2016
tt0808510,"Tooth Fairy","Comedy, Family, Fantasy",5,50574,2010
tt0455499,"Garfield: A Tail of Two Kitties","Adventure, Comedy, Family",5,48400,2006
tt0093756,"Police Academy 4: Citizens on Patrol","Comedy, Crime",5,46565,1987
tt2473682,"Paranormal Activity: The Marked Ones","Horror, Mystery",5,46134,2014
tt2637294,"Hot Tub Time Machine 2","Comedy, Mystery, Sci-Fi",5,42357,2015
tt2461132,"Happy New Year","Action, Comedy, Crime",5,41783,2014
tt1649444,"[REC] 3: Genesis","Action, Horror, Thriller",5,38971,2012
tt10699086,"Bachchhan Paandey","Action, Comedy, Crime",5,36820,2022
tt0097138,Cyborg,"Action, Sci-Fi, Thriller",5,35091,1989
tt1198138,Obsessed,"Drama, Romance, Thriller",5,34755,2009
tt0441796,"Stay Alive","Fantasy, Horror, Mystery",5,34512,2006
tt0282209,"Darkness Falls","Fantasy, Horror, Mystery",5,33990,2003
tt0061452,"Casino Royale",Comedy,5,33069,1967
tt1754730,"The Way to Paradise","Action, Comedy, Thriller",5,32368,2011
tt9691136,"Shadow in the Cloud","Action, Horror, War",5,32148,2020
tt7329656,"47 Meters Down: Uncaged","Adventure, Drama, Horror",5,31681,2019
tt0120458,Virus,"Action, Horror, Sci-Fi",5,30456,1999
tt0106375,"Beethoven's 2nd","Comedy, Family, Romance",5,30156,1993
tt0437179,"See No Evil","Action, Horror, Thriller",5,29430,2006
tt27729779,"The Platform 2","Horror, Sci-Fi, Thriller",5,29068,2024
tt2620590,Leatherface,"Crime, Horror, Thriller",5,28870,2017
tt0429573,"An American Haunting","Drama, Horror, Mystery",5,27196,2005
tt2401807,Rage,"Action, Thriller",5,25793,2014
tt0331468,"Cold Creek Manor","Drama, Mystery, Thriller",5,25165,2003
tt0430770,"The Women","Comedy, Drama",5,23465,2008
tt0360556,"Fahrenheit 451","Drama, Sci-Fi, Thriller",5,23419,2018
tt1151922,"Miss March","Comedy, Romance",5,22424,2009
tt1766094,"So Undercover","Action, Comedy, Crime",5,21452,2012
tt1742650,"I Don't Know How She Does It","Comedy, Romance",5,21348,2011
tt0120701,"Holy Man","Comedy, Drama",5,21172,1998
tt1188982,"Jai Ho","Action, Drama",5,21087,2014
tt0099994,"Leatherface: Texas Chainsaw Massacre III","Horror, Thriller",5,20035,1990
tt2923316,"American Heist","Action, Crime, Drama",5,17763,2014
tt0119310,"Honey, We Shrunk Ourselves!","Action, Adventure, Comedy",5,17380,1997
tt1016075,Fame,"Drama, Musical, Romance",5,17048,2009
tt2960930,Extraterrestrial,"Action, Horror, Mystery",5,16940,2014
tt0411475,"Hell Ride","Action, Drama, Thriller",5,16531,2008
tt0120662,"Eye of the Beholder","Drama, Mystery, Thriller",5,16166,1999
tt0186975,"Down to You","Comedy, Drama, Romance",5,15875,2000
tt2072230,"Attack on Titan Part 1","Action, Adventure, Drama",5,15716,2015
tt0110123,"In the Army Now","Comedy, War",5,14933,1994
tt1661326,"Shake It Up","Comedy, Family",5,14771,2010
tt1319743,"Smokin' Aces 2: Assassins' Ball","Action, Comedy, Crime",5,14433,2010
tt0291082,"Cinderella II: Dreams Come True","Animation, Family, Fantasy",5,14205,2002
tt0239949,"Say It Isn't So","Comedy, Romance",5,13897,2001
tt1646926,"Open Season 3","Adventure, Animation, Comedy",5,13648,2010
tt0099697,"Graveyard Shift",Horror,5,13050,1990
tt0086129,"Porky's II: The Next Day",Comedy,5,12959,1983
tt0120390,Turbulence,"Action, Thriller",5,12884,1997
tt1403988,"The Romantics","Comedy, Drama, Romance",5,12596,2010
tt5884234,"First Kill","Action, Thriller",5,12583,2017
tt2205401,Addicted,"Drama, Romance, Thriller",5,12498,2014
tt12547822,"Run Rabbit Run","Drama, Horror, Mystery",5,12230,2023
tt3038708,"Iron Sky: The Coming Race","Action, Adventure, Comedy",5,12011,2019
tt1757742,"Apartment 143","Horror, Thriller",5,11882,2011
tt0117283,"The Pallbearer","Comedy, Romance",5,11679,1996
tt0344864,"Atlantis: Milo's Return","Action, Adventure, Animation",5,11521,2003
tt2215285,"Madea's Witness Protection","Comedy, Crime, Drama",5,11509,2012
tt6536562,"Payitaht Abd√ºlhamid","Action, Drama, History",5,11415,2017
tt0804507,"Mother of Tears","Drama, Horror, Thriller",5,11368,2007
tt9815554,"Not to Forget",Drama,5,11281,2021
tt0401815,Tamara,"Drama, Fantasy, Horror",5,11278,2005
tt1578882,"Elephant White","Action, Crime, Thriller",5,11175,2011
tt1427298,"The Human Race","Action, Comedy, Horror",5,11113,2013
tt1806913,"Golmaal Again","Action, Comedy, Horror",5,11094,2017
tt6421110,"Proud Mary","Action, Crime, Drama",5,11008,2018
tt1033483,Kandisha,"Crime, Fantasy, Horror",5,10539,2008
tt1929308,"Magic Magic","Drama, Thriller",5,10469,2013
tt20879602,"Maybe I Do","Comedy, Romance",5,10170,2023
tt1325004,"The Twilight Saga: Eclipse","Action, Adventure, Drama",5.1,265368,2010
tt5108870,Morbius,"Action, Adventure, Horror",5.1,158834,2022
tt0443649,"10,000 BC","Action, Adventure, Drama",5.1,136533,2008
tt0449010,Eragon,"Action, Adventure, Family",5.1,131541,2006
tt0362120,"Scary Movie 4",Comedy,5.1,131434,2006
tt1956620,"Sex Tape","Comedy, Romance",5.1,119256,2014
tt1144884,"The Final Destination","Horror, Thriller",5.1,118547,2009
tt5834426,Moonfall,"Action, Adventure, Sci-Fi",5.1,103208,2022
tt0356634,"Garfield: The Movie","Adventure, Comedy, Family",5.1,96087,2004
tt1418377,"I, Frankenstein","Action, Fantasy, Sci-Fi",5.1,84429,2014
tt1600195,Abduction,"Action, Drama, Mystery",5.1,84009,2011
tt0377818,"The Dukes of Hazzard",Comedy,5.1,82603,2005
tt0114436,Showgirls,Drama,5.1,76484,1995
tt0808146,"American Pie Presents: The Naked Mile",Comedy,5.1,75156,2006
tt0800069,"The Hills Have Eyes 2","Horror, Thriller",5.1,68721,2007
tt5246700,"How It Ends","Action, Drama, Horror",5.1,59980,2018
tt0382992,Stealth,"Action, Adventure, Sci-Fi",5.1,56747,2005
tt2967224,"Hot Pursuit","Action, Comedy, Crime",5.1,54810,2015
tt0433386,"The Grudge 2","Horror, Thriller",5.1,52038,2006
tt0436339,G-Force,"Action, Adventure, Animation",5.1,50876,2009
tt1480656,Cosmopolis,"Crime, Drama, Fantasy",5.1,50709,2012
tt0455857,"When a Stranger Calls","Horror, Thriller",5.1,49373,2006
tt0089893,"Red Sonja","Action, Adventure, Fantasy",5.1,45641,1985
tt0765476,"Meet Dave","Adventure, Comedy, Family",5.1,44306,2008
tt4593060,Pinocchio,"Adventure, Comedy, Drama",5.1,43244,2022
tt0402901,"The Cave","Adventure, Horror, Sci-Fi",5.1,42212,2005
tt14309446,"Me Time",Comedy,5.1,41956,2022
tt0204313,"Exorcist: The Beginning","Horror, Mystery, Thriller",5.1,40490,2004
tt10362466,"After We Collided","Drama, Romance",5.1,40041,2020
tt4535650,Dilwale,"Action, Comedy, Drama",5.1,39401,2015
tt0313911,"Agent Cody Banks","Action, Adventure, Comedy",5.1,37527,2003
tt0117331,"The Phantom","Action, Adventure, Comedy",5.1,36281,1996
tt0257516,Cursed,"Comedy, Horror, Mystery",5.1,35714,2005
tt0108162,Sliver,"Drama, Thriller",5.1,34726,1993
tt0105629,Toys,"Adventure, Comedy, Drama",5.1,34034,1992
tt0383010,"The Three Stooges","Comedy, Family",5.1,33513,2012
tt0790604,"Deck the Halls","Comedy, Family",5.1,33501,2006
tt1232783,"Sorority Row","Horror, Mystery",5.1,32863,2009
tt9419056,"The Unholy","Drama, Horror, Mystery",5.1,28865,2021
tt0361620,"First Daughter","Comedy, Drama, Romance",5.1,28614,2004
tt2231554,"Grave Encounters 2","Horror, Mystery",5.1,28223,2012
tt0102558,"Nothing But Trouble",Comedy,5.1,28069,1991
tt0100240,"The NeverEnding Story II: The Next Chapter","Adventure, Drama, Family",5.1,27912,1990
tt0118604,"An American Werewolf in Paris","Comedy, Fantasy, Horror",5.1,27662,1997
tt0457495,Stormbreaker,"Action, Adventure, Family",5.1,25852,2006
tt0116514,"Hellraiser: Bloodline","Horror, Sci-Fi",5.1,25244,1996
tt0097368,"The Fly II","Drama, Horror, Sci-Fi",5.1,25214,1989
tt6836936,Saaho,"Action, Thriller",5.1,24448,2019
tt23900194,"Harry & Meghan","Biography, Documentary",5.1,23649,2022
tt3835080,31,"Horror, Thriller",5.1,23624,2016
tt5322012,"Wish Upon","Drama, Fantasy, Horror",5.1,23461,2017
tt15387022,Revenge/Justice,"Action, Adventure, Drama",5.1,23342,2024
tt5997666,"Jab Harry Met Sejal","Comedy, Drama, Romance",5.1,23203,2017
tt15441054,"Gadar 2","Action, Adventure, Drama",5.1,22893,2023
tt5360952,"The Hurricane Heist","Action, Adventure, Crime",5.1,22783,2018
tt1659343,"Universal Soldier: Day of Reckoning","Action, Horror, Mystery",5.1,21610,2012
tt0283026,Swimfan,"Drama, Thriller",5.1,21512,2002
tt2235779,"The Quiet Ones","Horror, Mystery, Thriller",5.1,21419,2014
tt1020885,"Vampire Killers","Action, Comedy, Fantasy",5.1,21065,2009
tt0106400,"The Beverly Hillbillies","Comedy, Family",5.1,20178,1993
tt0113114,"Free Willy 2: The Adventure Home","Adventure, Drama, Family",5.1,19856,1995
tt1945084,Everly,"Action, Thriller",5.1,19658,2014
tt0119123,"Fire Down Below","Action, Drama, Thriller",5.1,19397,1997
tt4196566,"The Deliverance","Horror, Thriller",5.1,19324,2024
tt0120596,"The Bachelor","Comedy, Romance",5.1,19146,1999
tt1391034,"And Soon the Darkness","Drama, Horror, Mystery",5.1,18990,2010
tt0304711,"The Order","Horror, Mystery, Thriller",5.1,18646,2003
tt1535612,"The Son of No One","Action, Crime, Drama",5.1,18161,2011
tt7805960,Torbaaz,"Action, Drama, Sport",5.1,18086,2020
tt0107478,"Made in America",Comedy,5.1,18051,1993
tt0087032,"Cannonball Run II","Action, Comedy",5.1,17770,1984
tt10128846,Megalopolis,"Drama, Fantasy, Sci-Fi",5.1,17366,2024
tt3462710,Unforgettable,"Drama, Thriller",5.1,16938,2017
tt9134216,"Playing with Fire","Comedy, Family",5.1,16865,2019
tt0234829,"Summer Catch","Comedy, Drama, Romance",5.1,16811,2001
tt22504924,"No War","Action, Drama, Short",5.1,16206,2022
tt4530884,"I Spit on Your Grave: Vengeance Is Mine","Horror, Thriller",5.1,16041,2015
tt1013860,"Dylan Dog: Dead of Night","Action, Comedy, Crime",5.1,15770,2010
tt0093857,"Revenge of the Nerds II: Nerds in Paradise",Comedy,5.1,15680,1987
tt0163983,"Bless the Child","Crime, Drama, Horror",5.1,15538,2000
tt1213012,"Alpha and Omega","Adventure, Animation, Comedy",5.1,15438,2010
tt1276434,"Van Wilder: Freshman Year","Comedy, Romance",5.1,15271,2009
tt2409818,"Open Windows","Crime, Mystery, Thriller",5.1,15261,2014
tt3622110,"Don't Knock Twice","Drama, Fantasy, Horror",5.1,15158,2016
tt2372251,"Down a Dark Hall","Drama, Fantasy, Horror",5.1,15092,2018
tt2948790,"Return to Sender","Drama, Thriller",5.1,15013,2015
tt0120764,"My Favorite Martian","Comedy, Family, Sci-Fi",5.1,14637,1999
tt0455362,"The Breed","Action, Comedy, Horror",5.1,14551,2006
tt0972785,"Bring It On: In It to Win It","Comedy, Sport",5.1,14244,2007
tt0449086,"Dominion: Prequel to the Exorcist","Drama, Horror, Thriller",5.1,13984,2005
tt0265808,"Stealing Harvard","Comedy, Crime",5.1,13877,2002
tt0365125,"A Dirty Shame",Comedy,5.1,13732,2004
tt2885364,"Willow Creek","Horror, Mystery, Thriller",5.1,13291,2013
tt15387054,Teach/Corrupt,"Action, Adventure, Drama",5.1,12963,2024
tt10698174,Wolf,"Drama, Mystery, Thriller",5.1,12807,2021
tt2091478,Air,"Drama, Sci-Fi, Thriller",5.1,12651,2015
tt6495770,"Action Point",Comedy,5.1,12357,2018
tt2571140,Boss,"Action, Comedy, Crime",5.1,12222,2013
tt6210996,10x10,"Drama, Mystery, Thriller",5.1,12064,2018
tt13429362,"In the Earth","Drama, Horror, Mystery",5.1,12058,2021
tt4419364,Holidays,"Fantasy, Horror, Mystery",5.1,12010,2016
tt0979434,"Lottery Ticket",Comedy,5.1,11664,2010
tt2690138,"The D Train","Comedy, Drama",5.1,11649,2015
tt22743064,"Yaariyan 2","Comedy, Drama, Musical",5.1,11639,2023
tt0082700,"Cannibal Ferox","Adventure, Horror",5.1,11052,1981
tt0219952,"Lucky Numbers","Comedy, Crime",5.1,11034,2000
tt0393635,Reeker,"Horror, Mystery, Thriller",5.1,10975,2005
tt1076252,"Picture This","Comedy, Drama, Romance",5.1,10970,2008
tt11210390,"Asterix & Obelix: The Middle Kingdom","Adventure, Comedy, Family",5.1,10871,2023
tt1504403,Husk,"Horror, Thriller",5.1,10848,2011
tt5259822,Tesla,"Biography, Drama",5.1,10815,2020
tt0079285,"Saturn 3","Adventure, Horror, Sci-Fi",5.1,10767,1980
tt0109288,Blankman,"Action, Comedy, Crime",5.1,10754,1994
tt15373868,Kranti,"Action, Drama",5.1,10639,2023
tt18924506,"2000 Mules",Documentary,5.1,10351,2022
tt1092011,"Sacred Demijohn","Comedy, Fantasy, Horror",5.1,10333,2007
tt0094744,"Big Top Pee-wee","Adventure, Comedy, Romance",5.1,10321,1988
tt0275947,"Avenging Angelo","Action, Comedy, Crime",5.1,10229,2002
tt29114029,"The Tearsmith","Drama, Fantasy, Romance",5.1,10210,2024
tt2187884,"Escape from Tomorrow","Comedy, Drama, Fantasy",5.1,10183,2013
tt21237030,Carter,"Action, Thriller",5.1,10161,2022
tt24870072,"Locked In","Drama, Mystery, Thriller",5.1,10157,2023
tt2762334,"Main Tera Hero","Action, Comedy, Romance",5.1,10138,2014
tt1606378,"A Good Day to Die Hard","Action, Thriller",5.2,217036,2013
tt10857160,"She-Hulk: Attorney at Law","Action, Adventure, Comedy",5.2,195356,2022
tt1628841,"Independence Day: Resurgence","Action, Adventure, Sci-Fi",5.2,192000,2016
tt0859163,"The Mummy: Tomb of the Dragon Emperor","Action, Adventure, Fantasy",5.2,173189,2008
tt3371366,"Transformers: The Last Knight","Action, Adventure, Sci-Fi",5.2,172796,2017
tt5433138,"F9: The Fast Saga","Action, Crime, Thriller",5.2,166835,2021
tt0419706,Doom,"Action, Horror, Sci-Fi",5.2,120216,2005
tt2304933,"The 5th Wave","Action, Adventure, Sci-Fi",5.2,119284,2016
tt1179056,"A Nightmare on Elm Street","Crime, Drama, Horror",5.2,109575,2010
tt0816462,"Conan the Barbarian","Action, Adventure, Fantasy",5.2,103535,2011
tt1293847,"xXx: Return of Xander Cage","Action, Adventure, Thriller",5.2,98452,2017
tt0952640,"Alvin and the Chipmunks","Adventure, Comedy, Family",5.2,97172,2007
tt0208003,"Big Momma's House","Action, Comedy, Crime",5.2,92131,2000
tt0385307,"Miss Congeniality 2: Armed & Fabulous","Action, Comedy, Crime",5.2,81428,2005
tt0120738,"Lost in Space","Action, Adventure, Sci-Fi",5.2,75504,1998
tt6133466,"The First Purge","Action, Horror, Sci-Fi",5.2,73620,2018
tt1758810,"The Snowman","Crime, Drama, Mystery",5.2,73520,2017
tt0120177,Spawn,"Action, Crime, Drama",5.2,73486,1997
tt10342730,Spiral,"Horror, Mystery, Thriller",5.2,71033,2021
tt6475714,"Monster Hunter","Action, Adventure, Fantasy",5.2,69639,2020
tt0810900,"High School Musical 2","Comedy, Drama, Family",5.2,67629,2007
tt0465624,"My Super Ex-Girlfriend","Comedy, Romance, Sci-Fi",5.2,67625,2006
tt6772950,"Truth or Dare","Horror, Mystery, Thriller",5.2,67240,2018
tt6920084,"Resident Evil: Welcome to Raccoon City","Action, Horror, Sci-Fi",5.2,66358,2021
tt1222817,Zookeeper,"Comedy, Family, Fantasy",5.2,66224,2011
tt0253867,"The Sweetest Thing","Comedy, Romance",5.2,63430,2002
tt0239395,"Cats & Dogs","Action, Adventure, Comedy",5.2,63310,2001
tt0085636,"Halloween III: Season of the Witch","Horror, Mystery, Sci-Fi",5.2,63284,1982
tt1772240,"Apollo 18","Horror, Mystery, Sci-Fi",5.2,58604,2011
tt0338094,"The Haunted Mansion","Comedy, Family, Fantasy",5.2,58309,2003
tt4799050,"Rough Night",Comedy,5.2,56719,2017
tt0475944,"The Covenant","Adventure, Fantasy, Horror",5.2,52779,2006
tt2039338,Flatliners,"Drama, Horror, Mystery",5.2,51827,2017
tt0103956,"Child's Play 3","Horror, Thriller",5.2,47866,1991
tt2918436,"The Lazarus Effect","Horror, Mystery, Sci-Fi",5.2,46857,2015
tt2938956,"The Transporter Refueled","Action, Thriller",5.2,45629,2015
tt0288045,"The Medallion","Action, Comedy, Fantasy",5.2,44504,2003
tt0095179,"Friday the 13th: The New Blood","Horror, Thriller",5.2,43930,1988
tt1055366,"Camp Rock","Comedy, Family, Music",5.2,38239,2008
tt0482599,Shutter,"Horror, Mystery, Thriller",5.2,38123,2008
tt0208988,"Get Carter","Action, Crime, Drama",5.2,37380,2000
tt11301946,Beast,"Action, Comedy, Crime",5.2,37361,2022
tt0419984,"Mr. Woodcock","Comedy, Romance, Sport",5.2,37264,2007
tt4334266,"The Bad Batch","Action, Horror, Mystery",5.2,36189,2016
tt1712170,"Alex Cross","Action, Crime, Mystery",5.2,35725,2012
tt0463872,"Asterix at the Olympic Games","Adventure, Comedy, Family",5.2,33127,2008
tt1731697,"The Lords of Salem","Horror, Thriller",5.2,32998,2012
tt13964390,"Under Paris","Action, Drama, Horror",5.2,32456,2024
